country,country_code,medal_type,date_of_medal,gender,sport,event
Belgium,BEL,Gold,7/27/2024,Male,Cycling Road,Men's Individual Time Trial
Italy,ITA,Silver,7/27/2024,Male,Cycling Road,Men's Individual Time Trial
Belgium,BEL,Bronze,7/27/2024,Male,Cycling Road,Men's Individual Time Trial
Australia,AUS,Gold,7/27/2024,Female,Cycling Road,Women's Individual Time Trial
Great Britain,GBR,Silver,7/27/2024,Female,Cycling Road,Women's Individual Time Trial
United States,USA,Bronze,7/27/2024,Female,Cycling Road,Women's Individual Time Trial
China,CHN,Gold,7/27/2024,Female,Diving,Women's Synchronised 3m Springboard
United States,USA,Silver,7/27/2024,Female,Diving,Women's Synchronised 3m Springboard
Great Britain,GBR,Bronze,7/27/2024,Female,Diving,Women's Synchronised 3m Springboard
Korea,KOR,Gold,7/27/2024,Male,Fencing,Men's Sabre Individual
Tunisia,TUN,Silver,7/27/2024,Male,Fencing,Men's Sabre Individual
Italy,ITA,Bronze,7/27/2024,Male,Fencing,Men's Sabre Individual
"Hong Kong, China",HKG,Gold,7/27/2024,Female,Fencing,Women's Épée Individual
France,FRA,Silver,7/27/2024,Female,Fencing,Women's Épée Individual
Hungary,HUN,Bronze,7/27/2024,Female,Fencing,Women's Épée Individual
Kazakhstan,KAZ,Gold,7/27/2024,Male,Judo,Men -60 kg
France,FRA,Silver,7/27/2024,Male,Judo,Men -60 kg
Japan,JPN,Bronze,7/27/2024,Male,Judo,Men -60 kg
Spain,ESP,Bronze,7/27/2024,Male,Judo,Men -60 kg
Japan,JPN,Gold,7/27/2024,Female,Judo,Women -48 kg
Mongolia,MGL,Silver,7/27/2024,Female,Judo,Women -48 kg
France,FRA,Bronze,7/27/2024,Female,Judo,Women -48 kg
Sweden,SWE,Bronze,7/27/2024,Female,Judo,Women -48 kg
France,FRA,Gold,7/27/2024,Male,Rugby Sevens,Men
Fiji,FIJ,Silver,7/27/2024,Male,Rugby Sevens,Men
South Africa,RSA,Bronze,7/27/2024,Male,Rugby Sevens,Men
China,CHN,Gold,7/27/2024,Mixed Gender,Shooting,10m Air Rifle Mixed Team
Korea,KOR,Silver,7/27/2024,Mixed Gender,Shooting,10m Air Rifle Mixed Team
Kazakhstan,KAZ,Bronze,7/27/2024,Mixed Gender,Shooting,10m Air Rifle Mixed Team
United States,USA,Gold,7/27/2024,Male,Swimming,Men's 4 x 100m Freestyle Relay
Australia,AUS,Silver,7/27/2024,Male,Swimming,Men's 4 x 100m Freestyle Relay
Italy,ITA,Bronze,7/27/2024,Male,Swimming,Men's 4 x 100m Freestyle Relay
Germany,GER,Gold,7/27/2024,Male,Swimming,Men's 400m Freestyle
Australia,AUS,Silver,7/27/2024,Male,Swimming,Men's 400m Freestyle
Korea,KOR,Bronze,7/27/2024,Male,Swimming,Men's 400m Freestyle
Australia,AUS,Gold,7/27/2024,Female,Swimming,Women's 4 x 100m Freestyle Relay
United States,USA,Silver,7/27/2024,Female,Swimming,Women's 4 x 100m Freestyle Relay
China,CHN,Bronze,7/27/2024,Female,Swimming,Women's 4 x 100m Freestyle Relay
Australia,AUS,Gold,7/27/2024,Female,Swimming,Women's 400m Freestyle
Canada,CAN,Silver,7/27/2024,Female,Swimming,Women's 400m Freestyle
United States,USA,Bronze,7/27/2024,Female,Swimming,Women's 400m Freestyle
Korea,KOR,Gold,7/28/2024,Female,Archery,Women's Team
China,CHN,Silver,7/28/2024,Female,Archery,Women's Team
Mexico,MEX,Bronze,7/28/2024,Female,Archery,Women's Team
Australia,AUS,Gold,7/28/2024,Female,Canoe Slalom,Women's Kayak Single
Poland,POL,Silver,7/28/2024,Female,Canoe Slalom,Women's Kayak Single
Great Britain,GBR,Bronze,7/28/2024,Female,Canoe Slalom,Women's Kayak Single
France,FRA,Gold,7/28/2024,Female,Cycling Mountain Bike,Women's Cross-country
United States,USA,Silver,7/28/2024,Female,Cycling Mountain Bike,Women's Cross-country
Sweden,SWE,Bronze,7/28/2024,Female,Cycling Mountain Bike,Women's Cross-country
Japan,JPN,Gold,7/28/2024,Male,Fencing,Men's Épée Individual
France,FRA,Silver,7/28/2024,Male,Fencing,Men's Épée Individual
Egypt,EGY,Bronze,7/28/2024,Male,Fencing,Men's Épée Individual
United States,USA,Gold,7/28/2024,Female,Fencing,Women's Foil Individual
United States,USA,Silver,7/28/2024,Female,Fencing,Women's Foil Individual
Canada,CAN,Bronze,7/28/2024,Female,Fencing,Women's Foil Individual
Japan,JPN,Gold,7/28/2024,Male,Judo,Men -66 kg
Brazil,BRA,Silver,7/28/2024,Male,Judo,Men -66 kg
Kazakhstan,KAZ,Bronze,7/28/2024,Male,Judo,Men -66 kg
Republic of Moldova,MDA,Bronze,7/28/2024,Male,Judo,Men -66 kg
Uzbekistan,UZB,Gold,7/28/2024,Female,Judo,Women -52 kg
Kosovo,KOS,Silver,7/28/2024,Female,Judo,Women -52 kg
Brazil,BRA,Bronze,7/28/2024,Female,Judo,Women -52 kg
France,FRA,Bronze,7/28/2024,Female,Judo,Women -52 kg
China,CHN,Gold,7/28/2024,Male,Shooting,10m Air Pistol Men
Italy,ITA,Silver,7/28/2024,Male,Shooting,10m Air Pistol Men
Italy,ITA,Bronze,7/28/2024,Male,Shooting,10m Air Pistol Men
Korea,KOR,Gold,7/28/2024,Female,Shooting,10m Air Pistol Women
Korea,KOR,Silver,7/28/2024,Female,Shooting,10m Air Pistol Women
India,IND,Bronze,7/28/2024,Female,Shooting,10m Air Pistol Women
Japan,JPN,Gold,7/28/2024,Female,Skateboarding,Women's Street
Japan,JPN,Silver,7/28/2024,Female,Skateboarding,Women's Street
Brazil,BRA,Bronze,7/28/2024,Female,Skateboarding,Women's Street
Italy,ITA,Gold,7/28/2024,Male,Swimming,Men's 100m Breaststroke
Great Britain,GBR,Silver,7/28/2024,Male,Swimming,Men's 100m Breaststroke
United States,USA,Silver,7/28/2024,Male,Swimming,Men's 100m Breaststroke
France,FRA,Gold,7/28/2024,Male,Swimming,Men's 400m Individual Medley
Japan,JPN,Silver,7/28/2024,Male,Swimming,Men's 400m Individual Medley
United States,USA,Bronze,7/28/2024,Male,Swimming,Men's 400m Individual Medley
United States,USA,Gold,7/28/2024,Female,Swimming,Women's 100m Butterfly
United States,USA,Silver,7/28/2024,Female,Swimming,Women's 100m Butterfly
China,CHN,Bronze,7/28/2024,Female,Swimming,Women's 100m Butterfly
Korea,KOR,Gold,7/29/2024,Male,Archery,Men's Team
France,FRA,Silver,7/29/2024,Male,Archery,Men's Team
Turkiye,TUR,Bronze,7/29/2024,Male,Archery,Men's Team
Japan,JPN,Gold,7/29/2024,Male,Artistic Gymnastics,Men's Team
China,CHN,Silver,7/29/2024,Male,Artistic Gymnastics,Men's Team
United States,USA,Bronze,7/29/2024,Male,Artistic Gymnastics,Men's Team
France,FRA,Gold,7/29/2024,Male,Canoe Slalom,Men's Canoe Single
Great Britain,GBR,Silver,7/29/2024,Male,Canoe Slalom,Men's Canoe Single
Slovakia,SVK,Bronze,7/29/2024,Male,Canoe Slalom,Men's Canoe Single
Great Britain,GBR,Gold,7/29/2024,Male,Cycling Mountain Bike,Men's Cross-country
France,FRA,Silver,7/29/2024,Male,Cycling Mountain Bike,Men's Cross-country
South Africa,RSA,Bronze,7/29/2024,Male,Cycling Mountain Bike,Men's Cross-country
China,CHN,Gold,7/29/2024,Male,Diving,Men's Synchronised 10m Platform
Great Britain,GBR,Silver,7/29/2024,Male,Diving,Men's Synchronised 10m Platform
Canada,CAN,Bronze,7/29/2024,Male,Diving,Men's Synchronised 10m Platform
Germany,GER,Gold,7/29/2024,Any Gender,Equestrian,Eventing Individual
Australia,AUS,Silver,7/29/2024,Any Gender,Equestrian,Eventing Individual
Great Britain,GBR,Bronze,7/29/2024,Any Gender,Equestrian,Eventing Individual
Great Britain,GBR,Gold,7/29/2024,Any Gender,Equestrian,Eventing Team
France,FRA,Silver,7/29/2024,Any Gender,Equestrian,Eventing Team
Japan,JPN,Bronze,7/29/2024,Any Gender,Equestrian,Eventing Team
"Hong Kong, China",HKG,Gold,7/29/2024,Male,Fencing,Men's Foil Individual
Italy,ITA,Silver,7/29/2024,Male,Fencing,Men's Foil Individual
United States,USA,Bronze,7/29/2024,Male,Fencing,Men's Foil Individual
France,FRA,Gold,7/29/2024,Female,Fencing,Women's Sabre Individual
France,FRA,Silver,7/29/2024,Female,Fencing,Women's Sabre Individual
Ukraine,UKR,Bronze,7/29/2024,Female,Fencing,Women's Sabre Individual
Azerbaijan,AZE,Gold,7/29/2024,Male,Judo,Men -73 kg
France,FRA,Silver,7/29/2024,Male,Judo,Men -73 kg
Republic of Moldova,MDA,Bronze,7/29/2024,Male,Judo,Men -73 kg
Japan,JPN,Bronze,7/29/2024,Male,Judo,Men -73 kg
Canada,CAN,Gold,7/29/2024,Female,Judo,Women -57 kg
Korea,KOR,Silver,7/29/2024,Female,Judo,Women -57 kg
Japan,JPN,Bronze,7/29/2024,Female,Judo,Women -57 kg
France,FRA,Bronze,7/29/2024,Female,Judo,Women -57 kg
China,CHN,Gold,7/29/2024,Male,Shooting,10m Air Rifle Men
Sweden,SWE,Silver,7/29/2024,Male,Shooting,10m Air Rifle Men
Croatia,CRO,Bronze,7/29/2024,Male,Shooting,10m Air Rifle Men
Korea,KOR,Gold,7/29/2024,Female,Shooting,10m Air Rifle Women
China,CHN,Silver,7/29/2024,Female,Shooting,10m Air Rifle Women
Switzerland,SUI,Bronze,7/29/2024,Female,Shooting,10m Air Rifle Women
Japan,JPN,Gold,7/29/2024,Male,Skateboarding,Men's Street
United States,USA,Silver,7/29/2024,Male,Skateboarding,Men's Street
United States,USA,Bronze,7/29/2024,Male,Skateboarding,Men's Street
Italy,ITA,Gold,7/29/2024,Male,Swimming,Men's 100m Backstroke
China,CHN,Silver,7/29/2024,Male,Swimming,Men's 100m Backstroke
United States,USA,Bronze,7/29/2024,Male,Swimming,Men's 100m Backstroke
Romania,ROU,Gold,7/29/2024,Male,Swimming,Men's 200m Freestyle
Great Britain,GBR,Silver,7/29/2024,Male,Swimming,Men's 200m Freestyle
United States,USA,Bronze,7/29/2024,Male,Swimming,Men's 200m Freestyle
South Africa,RSA,Gold,7/29/2024,Female,Swimming,Women's 100m Breaststroke
China,CHN,Silver,7/29/2024,Female,Swimming,Women's 100m Breaststroke
Ireland,IRL,Bronze,7/29/2024,Female,Swimming,Women's 100m Breaststroke
Australia,AUS,Gold,7/29/2024,Female,Swimming,Women's 200m Freestyle
Australia,AUS,Silver,7/29/2024,Female,Swimming,Women's 200m Freestyle
"Hong Kong, China",HKG,Bronze,7/29/2024,Female,Swimming,Women's 200m Freestyle
Canada,CAN,Gold,7/29/2024,Female,Swimming,Women's 400m Individual Medley
United States,USA,Silver,7/29/2024,Female,Swimming,Women's 400m Individual Medley
United States,USA,Bronze,7/29/2024,Female,Swimming,Women's 400m Individual Medley
United States,USA,Gold,7/30/2024,Female,Artistic Gymnastics,Women's Team
Italy,ITA,Silver,7/30/2024,Female,Artistic Gymnastics,Women's Team
Brazil,BRA,Bronze,7/30/2024,Female,Artistic Gymnastics,Women's Team
Italy,ITA,Gold,7/30/2024,Female,Fencing,Women's Épée Team
France,FRA,Silver,7/30/2024,Female,Fencing,Women's Épée Team
Poland,POL,Bronze,7/30/2024,Female,Fencing,Women's Épée Team
Japan,JPN,Gold,7/30/2024,Male,Judo,Men -81 kg
Georgia,GEO,Silver,7/30/2024,Male,Judo,Men -81 kg
Korea,KOR,Bronze,7/30/2024,Male,Judo,Men -81 kg
Tajikistan,TJK,Bronze,7/30/2024,Male,Judo,Men -81 kg
Slovenia,SLO,Gold,7/30/2024,Female,Judo,Women -63 kg
Mexico,MEX,Silver,7/30/2024,Female,Judo,Women -63 kg
France,FRA,Bronze,7/30/2024,Female,Judo,Women -63 kg
Kosovo,KOS,Bronze,7/30/2024,Female,Judo,Women -63 kg
New Zealand,NZL,Gold,7/30/2024,Female,Rugby Sevens,Women
Canada,CAN,Silver,7/30/2024,Female,Rugby Sevens,Women
United States,USA,Bronze,7/30/2024,Female,Rugby Sevens,Women
Serbia,SRB,Gold,7/30/2024,Mixed Gender,Shooting,10m Air Pistol Mixed Team
Turkiye,TUR,Silver,7/30/2024,Mixed Gender,Shooting,10m Air Pistol Mixed Team
India,IND,Bronze,7/30/2024,Mixed Gender,Shooting,10m Air Pistol Mixed Team
Great Britain,GBR,Gold,7/30/2024,Male,Shooting,Trap Men
China,CHN,Silver,7/30/2024,Male,Shooting,Trap Men
Guatemala,GUA,Bronze,7/30/2024,Male,Shooting,Trap Men
Great Britain,GBR,Gold,7/30/2024,Male,Swimming,Men's 4 x 200m Freestyle Relay
United States,USA,Silver,7/30/2024,Male,Swimming,Men's 4 x 200m Freestyle Relay
Australia,AUS,Bronze,7/30/2024,Male,Swimming,Men's 4 x 200m Freestyle Relay
Ireland,IRL,Gold,7/30/2024,Male,Swimming,Men's 800m Freestyle
United States,USA,Silver,7/30/2024,Male,Swimming,Men's 800m Freestyle
Italy,ITA,Bronze,7/30/2024,Male,Swimming,Men's 800m Freestyle
Australia,AUS,Gold,7/30/2024,Female,Swimming,Women's 100m Backstroke
United States,USA,Silver,7/30/2024,Female,Swimming,Women's 100m Backstroke
United States,USA,Bronze,7/30/2024,Female,Swimming,Women's 100m Backstroke
China,CHN,Gold,7/30/2024,Mixed Gender,Table Tennis,Mixed Doubles
DPR Korea,PRK,Silver,7/30/2024,Mixed Gender,Table Tennis,Mixed Doubles
Korea,KOR,Bronze,7/30/2024,Mixed Gender,Table Tennis,Mixed Doubles
Japan,JPN,Gold,7/31/2024,Male,Artistic Gymnastics,Men's All-Around
China,CHN,Silver,7/31/2024,Male,Artistic Gymnastics,Men's All-Around
China,CHN,Bronze,7/31/2024,Male,Artistic Gymnastics,Men's All-Around
Australia,AUS,Gold,7/31/2024,Female,Canoe Slalom,Women's Canoe Single
Germany,GER,Silver,7/31/2024,Female,Canoe Slalom,Women's Canoe Single
United States,USA,Bronze,7/31/2024,Female,Canoe Slalom,Women's Canoe Single
Argentina,ARG,Gold,7/31/2024,Male,Cycling BMX Freestyle,Men's Park
Great Britain,GBR,Silver,7/31/2024,Male,Cycling BMX Freestyle,Men's Park
France,FRA,Bronze,7/31/2024,Male,Cycling BMX Freestyle,Men's Park
China,CHN,Gold,7/31/2024,Female,Cycling BMX Freestyle,Women's Park
United States,USA,Silver,7/31/2024,Female,Cycling BMX Freestyle,Women's Park
Australia,AUS,Bronze,7/31/2024,Female,Cycling BMX Freestyle,Women's Park
China,CHN,Gold,7/31/2024,Female,Diving,Women's Synchronised 10m Platform
DPR Korea,PRK,Silver,7/31/2024,Female,Diving,Women's Synchronised 10m Platform
Great Britain,GBR,Bronze,7/31/2024,Female,Diving,Women's Synchronised 10m Platform
Korea,KOR,Gold,7/31/2024,Male,Fencing,Men's Sabre Team
Hungary,HUN,Silver,7/31/2024,Male,Fencing,Men's Sabre Team
France,FRA,Bronze,7/31/2024,Male,Fencing,Men's Sabre Team
Georgia,GEO,Gold,7/31/2024,Male,Judo,Men -90 kg
Japan,JPN,Silver,7/31/2024,Male,Judo,Men -90 kg
France,FRA,Bronze,7/31/2024,Male,Judo,Men -90 kg
Greece,GRE,Bronze,7/31/2024,Male,Judo,Men -90 kg
Croatia,CRO,Gold,7/31/2024,Female,Judo,Women -70 kg
Germany,GER,Silver,7/31/2024,Female,Judo,Women -70 kg
Austria,AUT,Bronze,7/31/2024,Female,Judo,Women -70 kg
Belgium,BEL,Bronze,7/31/2024,Female,Judo,Women -70 kg
Netherlands,NED,Gold,7/31/2024,Male,Rowing,Men's Quadruple Sculls
Italy,ITA,Silver,7/31/2024,Male,Rowing,Men's Quadruple Sculls
Poland,POL,Bronze,7/31/2024,Male,Rowing,Men's Quadruple Sculls
Great Britain,GBR,Gold,7/31/2024,Female,Rowing,Women's Quadruple Sculls
Netherlands,NED,Silver,7/31/2024,Female,Rowing,Women's Quadruple Sculls
Germany,GER,Bronze,7/31/2024,Female,Rowing,Women's Quadruple Sculls
Guatemala,GUA,Gold,7/31/2024,Female,Shooting,Trap Women
Italy,ITA,Silver,7/31/2024,Female,Shooting,Trap Women
Australia,AUS,Bronze,7/31/2024,Female,Shooting,Trap Women
China,CHN,Gold,7/31/2024,Male,Swimming,Men's 100m Freestyle
Australia,AUS,Silver,7/31/2024,Male,Swimming,Men's 100m Freestyle
Romania,ROU,Bronze,7/31/2024,Male,Swimming,Men's 100m Freestyle
France,FRA,Gold,7/31/2024,Male,Swimming,Men's 200m Breaststroke
Australia,AUS,Silver,7/31/2024,Male,Swimming,Men's 200m Breaststroke
Netherlands,NED,Bronze,7/31/2024,Male,Swimming,Men's 200m Breaststroke
France,FRA,Gold,7/31/2024,Male,Swimming,Men's 200m Butterfly
Hungary,HUN,Silver,7/31/2024,Male,Swimming,Men's 200m Butterfly
Canada,CAN,Bronze,7/31/2024,Male,Swimming,Men's 200m Butterfly
Sweden,SWE,Gold,7/31/2024,Female,Swimming,Women's 100m Freestyle
United States,USA,Silver,7/31/2024,Female,Swimming,Women's 100m Freestyle
"Hong Kong, China",HKG,Bronze,7/31/2024,Female,Swimming,Women's 100m Freestyle
United States,USA,Gold,7/31/2024,Female,Swimming,Women's 1500m Freestyle
France,FRA,Silver,7/31/2024,Female,Swimming,Women's 1500m Freestyle
Germany,GER,Bronze,7/31/2024,Female,Swimming,Women's 1500m Freestyle
Great Britain,GBR,Gold,7/31/2024,Male,Triathlon,Men's Individual
New Zealand,NZL,Silver,7/31/2024,Male,Triathlon,Men's Individual
France,FRA,Bronze,7/31/2024,Male,Triathlon,Men's Individual
France,FRA,Gold,7/31/2024,Female,Triathlon,Women's Individual
Switzerland,SUI,Silver,7/31/2024,Female,Triathlon,Women's Individual
Great Britain,GBR,Bronze,7/31/2024,Female,Triathlon,Women's Individual
United States,USA,Gold,8/1/2024,Female,Artistic Gymnastics,Women's All-Around
Brazil,BRA,Silver,8/1/2024,Female,Artistic Gymnastics,Women's All-Around
United States,USA,Bronze,8/1/2024,Female,Artistic Gymnastics,Women's All-Around
Ecuador,ECU,Gold,8/1/2024,Male,Athletics,Men's 20km Race Walk
Brazil,BRA,Silver,8/1/2024,Male,Athletics,Men's 20km Race Walk
Spain,ESP,Bronze,8/1/2024,Male,Athletics,Men's 20km Race Walk
China,CHN,Gold,8/1/2024,Female,Athletics,Women's 20km Race Walk
Spain,ESP,Silver,8/1/2024,Female,Athletics,Women's 20km Race Walk
Australia,AUS,Bronze,8/1/2024,Female,Athletics,Women's 20km Race Walk
Italy,ITA,Gold,8/1/2024,Male,Canoe Slalom,Men's Kayak Single
France,FRA,Silver,8/1/2024,Male,Canoe Slalom,Men's Kayak Single
Spain,ESP,Bronze,8/1/2024,Male,Canoe Slalom,Men's Kayak Single
United States,USA,Gold,8/1/2024,Female,Fencing,Women's Foil Team
Italy,ITA,Silver,8/1/2024,Female,Fencing,Women's Foil Team
Japan,JPN,Bronze,8/1/2024,Female,Fencing,Women's Foil Team
Azerbaijan,AZE,Gold,8/1/2024,Male,Judo,Men -100 kg
Georgia,GEO,Silver,8/1/2024,Male,Judo,Men -100 kg
Israel,ISR,Bronze,8/1/2024,Male,Judo,Men -100 kg
Uzbekistan,UZB,Bronze,8/1/2024,Male,Judo,Men -100 kg
Italy,ITA,Gold,8/1/2024,Female,Judo,Women -78 kg
Israel,ISR,Silver,8/1/2024,Female,Judo,Women -78 kg
China,CHN,Bronze,8/1/2024,Female,Judo,Women -78 kg
Portugal,POR,Bronze,8/1/2024,Female,Judo,Women -78 kg
Romania,ROU,Gold,8/1/2024,Male,Rowing,Men's Double Sculls
Netherlands,NED,Silver,8/1/2024,Male,Rowing,Men's Double Sculls
Ireland,IRL,Bronze,8/1/2024,Male,Rowing,Men's Double Sculls
United States,USA,Gold,8/1/2024,Male,Rowing,Men's Four
New Zealand,NZL,Silver,8/1/2024,Male,Rowing,Men's Four
Great Britain,GBR,Bronze,8/1/2024,Male,Rowing,Men's Four
New Zealand,NZL,Gold,8/1/2024,Female,Rowing,Women's Double Sculls
Romania,ROU,Silver,8/1/2024,Female,Rowing,Women's Double Sculls
Great Britain,GBR,Bronze,8/1/2024,Female,Rowing,Women's Double Sculls
Netherlands,NED,Gold,8/1/2024,Female,Rowing,Women's Four
Great Britain,GBR,Silver,8/1/2024,Female,Rowing,Women's Four
New Zealand,NZL,Bronze,8/1/2024,Female,Rowing,Women's Four
China,CHN,Gold,8/1/2024,Male,Shooting,50m Rifle 3 Positions Men
Ukraine,UKR,Silver,8/1/2024,Male,Shooting,50m Rifle 3 Positions Men
India,IND,Bronze,8/1/2024,Male,Shooting,50m Rifle 3 Positions Men
Hungary,HUN,Gold,8/1/2024,Male,Swimming,Men's 200m Backstroke
Greece,GRE,Silver,8/1/2024,Male,Swimming,Men's 200m Backstroke
Switzerland,SUI,Bronze,8/1/2024,Male,Swimming,Men's 200m Backstroke
United States,USA,Gold,8/1/2024,Female,Swimming,Women's 200m Breaststroke
South Africa,RSA,Silver,8/1/2024,Female,Swimming,Women's 200m Breaststroke
Netherlands,NED,Bronze,8/1/2024,Female,Swimming,Women's 200m Breaststroke
Canada,CAN,Gold,8/1/2024,Female,Swimming,Women's 200m Butterfly
United States,USA,Silver,8/1/2024,Female,Swimming,Women's 200m Butterfly
China,CHN,Bronze,8/1/2024,Female,Swimming,Women's 200m Butterfly
Australia,AUS,Gold,8/1/2024,Female,Swimming,Women's 4 x 200m Freestyle Relay
United States,USA,Silver,8/1/2024,Female,Swimming,Women's 4 x 200m Freestyle Relay
China,CHN,Bronze,8/1/2024,Female,Swimming,Women's 4 x 200m Freestyle Relay
Korea,KOR,Gold,8/2/2024,Mixed Gender,Archery,Mixed Team
Germany,GER,Silver,8/2/2024,Mixed Gender,Archery,Mixed Team
United States,USA,Bronze,8/2/2024,Mixed Gender,Archery,Mixed Team
Uganda,UGA,Gold,8/2/2024,Male,Athletics,"Men's 10,000m"
Ethiopia,ETH,Silver,8/2/2024,Male,Athletics,"Men's 10,000m"
United States,USA,Bronze,8/2/2024,Male,Athletics,"Men's 10,000m"
China,CHN,Gold,8/2/2024,Mixed Gender,Badminton,Mixed Doubles
Korea,KOR,Silver,8/2/2024,Mixed Gender,Badminton,Mixed Doubles
Japan,JPN,Bronze,8/2/2024,Mixed Gender,Badminton,Mixed Doubles
France,FRA,Gold,8/2/2024,Male,Cycling BMX Racing,Men
France,FRA,Silver,8/2/2024,Male,Cycling BMX Racing,Men
France,FRA,Bronze,8/2/2024,Male,Cycling BMX Racing,Men
Australia,AUS,Gold,8/2/2024,Female,Cycling BMX Racing,Women
Netherlands,NED,Silver,8/2/2024,Female,Cycling BMX Racing,Women
Switzerland,SUI,Bronze,8/2/2024,Female,Cycling BMX Racing,Women
China,CHN,Gold,8/2/2024,Male,Diving,Men's Synchronised 3m Springboard
Mexico,MEX,Silver,8/2/2024,Male,Diving,Men's Synchronised 3m Springboard
Great Britain,GBR,Bronze,8/2/2024,Male,Diving,Men's Synchronised 3m Springboard
Great Britain,GBR,Gold,8/2/2024,Any Gender,Equestrian,Jumping Team
United States,USA,Silver,8/2/2024,Any Gender,Equestrian,Jumping Team
France,FRA,Bronze,8/2/2024,Any Gender,Equestrian,Jumping Team
Hungary,HUN,Gold,8/2/2024,Male,Fencing,Men's Épée Team
Japan,JPN,Silver,8/2/2024,Male,Fencing,Men's Épée Team
Czechia,CZE,Bronze,8/2/2024,Male,Fencing,Men's Épée Team
France,FRA,Gold,8/2/2024,Male,Judo,Men +100 kg
Korea,KOR,Silver,8/2/2024,Male,Judo,Men +100 kg
Tajikistan,TJK,Bronze,8/2/2024,Male,Judo,Men +100 kg
Uzbekistan,UZB,Bronze,8/2/2024,Male,Judo,Men +100 kg
Brazil,BRA,Gold,8/2/2024,Female,Judo,Women +78 kg
Israel,ISR,Silver,8/2/2024,Female,Judo,Women +78 kg
Korea,KOR,Bronze,8/2/2024,Female,Judo,Women +78 kg
France,FRA,Bronze,8/2/2024,Female,Judo,Women +78 kg
Ireland,IRL,Gold,8/2/2024,Male,Rowing,Lightweight Men's Double Sculls
Italy,ITA,Silver,8/2/2024,Male,Rowing,Lightweight Men's Double Sculls
Greece,GRE,Bronze,8/2/2024,Male,Rowing,Lightweight Men's Double Sculls
Great Britain,GBR,Gold,8/2/2024,Female,Rowing,Lightweight Women's Double Sculls
Romania,ROU,Silver,8/2/2024,Female,Rowing,Lightweight Women's Double Sculls
Greece,GRE,Bronze,8/2/2024,Female,Rowing,Lightweight Women's Double Sculls
Croatia,CRO,Gold,8/2/2024,Male,Rowing,Men's Pair
Great Britain,GBR,Silver,8/2/2024,Male,Rowing,Men's Pair
Switzerland,SUI,Bronze,8/2/2024,Male,Rowing,Men's Pair
Netherlands,NED,Gold,8/2/2024,Female,Rowing,Women's Pair
Romania,ROU,Silver,8/2/2024,Female,Rowing,Women's Pair
Australia,AUS,Bronze,8/2/2024,Female,Rowing,Women's Pair
Spain,ESP,Gold,8/2/2024,Male,Sailing,Men's Skiff
New Zealand,NZL,Silver,8/2/2024,Male,Sailing,Men's Skiff
United States,USA,Bronze,8/2/2024,Male,Sailing,Men's Skiff
Netherlands,NED,Gold,8/2/2024,Female,Sailing,Women's Skiff
Sweden,SWE,Silver,8/2/2024,Female,Sailing,Women's Skiff
France,FRA,Bronze,8/2/2024,Female,Sailing,Women's Skiff
Switzerland,SUI,Gold,8/2/2024,Female,Shooting,50m Rifle 3 Positions Women
United States,USA,Silver,8/2/2024,Female,Shooting,50m Rifle 3 Positions Women
China,CHN,Bronze,8/2/2024,Female,Shooting,50m Rifle 3 Positions Women
France,FRA,Gold,8/2/2024,Male,Swimming,Men's 200m Individual Medley
Great Britain,GBR,Silver,8/2/2024,Male,Swimming,Men's 200m Individual Medley
China,CHN,Bronze,8/2/2024,Male,Swimming,Men's 200m Individual Medley
Australia,AUS,Gold,8/2/2024,Male,Swimming,Men's 50m Freestyle
Great Britain,GBR,Silver,8/2/2024,Male,Swimming,Men's 50m Freestyle
France,FRA,Bronze,8/2/2024,Male,Swimming,Men's 50m Freestyle
Australia,AUS,Gold,8/2/2024,Female,Swimming,Women's 200m Backstroke
United States,USA,Silver,8/2/2024,Female,Swimming,Women's 200m Backstroke
Canada,CAN,Bronze,8/2/2024,Female,Swimming,Women's 200m Backstroke
Czechia,CZE,Gold,8/2/2024,Mixed Gender,Tennis,Mixed Doubles
China,CHN,Silver,8/2/2024,Mixed Gender,Tennis,Mixed Doubles
Canada,CAN,Bronze,8/2/2024,Mixed Gender,Tennis,Mixed Doubles
Poland,POL,Bronze,8/2/2024,Female,Tennis,Women's Singles
AIN,AIN,Gold,8/2/2024,Male,Trampoline Gymnastics,Men
China,CHN,Silver,8/2/2024,Male,Trampoline Gymnastics,Men
China,CHN,Bronze,8/2/2024,Male,Trampoline Gymnastics,Men
Great Britain,GBR,Gold,8/2/2024,Female,Trampoline Gymnastics,Women
AIN,AIN,Silver,8/2/2024,Female,Trampoline Gymnastics,Women
Canada,CAN,Bronze,8/2/2024,Female,Trampoline Gymnastics,Women
Korea,KOR,Gold,8/3/2024,Female,Archery,Women's Individual
Korea,KOR,Silver,8/3/2024,Female,Archery,Women's Individual
France,FRA,Bronze,8/3/2024,Female,Archery,Women's Individual
Philippines,PHI,Gold,8/3/2024,Male,Artistic Gymnastics,Men's Floor Exercise
Israel,ISR,Silver,8/3/2024,Male,Artistic Gymnastics,Men's Floor Exercise
Great Britain,GBR,Bronze,8/3/2024,Male,Artistic Gymnastics,Men's Floor Exercise
Ireland,IRL,Gold,8/3/2024,Male,Artistic Gymnastics,Men's Pommel Horse
Kazakhstan,KAZ,Silver,8/3/2024,Male,Artistic Gymnastics,Men's Pommel Horse
United States,USA,Bronze,8/3/2024,Male,Artistic Gymnastics,Men's Pommel Horse
United States,USA,Gold,8/3/2024,Female,Artistic Gymnastics,Women's Vault
Brazil,BRA,Silver,8/3/2024,Female,Artistic Gymnastics,Women's Vault
United States,USA,Bronze,8/3/2024,Female,Artistic Gymnastics,Women's Vault
Netherlands,NED,Gold,8/3/2024,Mixed Gender,Athletics,4 x 400m Relay Mixed
United States,USA,Silver,8/3/2024,Mixed Gender,Athletics,4 x 400m Relay Mixed
Great Britain,GBR,Bronze,8/3/2024,Mixed Gender,Athletics,4 x 400m Relay Mixed
Norway,NOR,Gold,8/3/2024,Male,Athletics,Men's Decathlon
Germany,GER,Silver,8/3/2024,Male,Athletics,Men's Decathlon
Grenada,GRN,Bronze,8/3/2024,Male,Athletics,Men's Decathlon
United States,USA,Gold,8/3/2024,Male,Athletics,Men's Shot Put
United States,USA,Silver,8/3/2024,Male,Athletics,Men's Shot Put
Jamaica,JAM,Bronze,8/3/2024,Male,Athletics,Men's Shot Put
Saint Lucia,LCA,Gold,8/3/2024,Female,Athletics,Women's 100m
United States,USA,Silver,8/3/2024,Female,Athletics,Women's 100m
United States,USA,Bronze,8/3/2024,Female,Athletics,Women's 100m
Dominica,DMA,Gold,8/3/2024,Female,Athletics,Women's Triple Jump
Jamaica,JAM,Silver,8/3/2024,Female,Athletics,Women's Triple Jump
United States,USA,Bronze,8/3/2024,Female,Athletics,Women's Triple Jump
China,CHN,Gold,8/3/2024,Female,Badminton,Women's Doubles
China,CHN,Silver,8/3/2024,Female,Badminton,Women's Doubles
Japan,JPN,Bronze,8/3/2024,Female,Badminton,Women's Doubles
Chinese Taipei,TPE,Bronze,8/3/2024,Female,Boxing,Women's 60kg
Brazil,BRA,Bronze,8/3/2024,Female,Boxing,Women's 60kg
Belgium,BEL,Gold,8/3/2024,Male,Cycling Road,Men's Road Race
France,FRA,Silver,8/3/2024,Male,Cycling Road,Men's Road Race
France,FRA,Bronze,8/3/2024,Male,Cycling Road,Men's Road Race
Germany,GER,Gold,8/3/2024,Any Gender,Equestrian,Dressage Team
Denmark,DEN,Silver,8/3/2024,Any Gender,Equestrian,Dressage Team
Great Britain,GBR,Bronze,8/3/2024,Any Gender,Equestrian,Dressage Team
Ukraine,UKR,Gold,8/3/2024,Female,Fencing,Women's Sabre Team
Korea,KOR,Silver,8/3/2024,Female,Fencing,Women's Sabre Team
Japan,JPN,Bronze,8/3/2024,Female,Fencing,Women's Sabre Team
France,FRA,Gold,8/3/2024,Mixed Gender,Judo,Mixed Team
Japan,JPN,Silver,8/3/2024,Mixed Gender,Judo,Mixed Team
Brazil,BRA,Bronze,8/3/2024,Mixed Gender,Judo,Mixed Team
Korea,KOR,Bronze,8/3/2024,Mixed Gender,Judo,Mixed Team
Great Britain,GBR,Gold,8/3/2024,Male,Rowing,Men's Eight
Netherlands,NED,Silver,8/3/2024,Male,Rowing,Men's Eight
United States,USA,Bronze,8/3/2024,Male,Rowing,Men's Eight
Germany,GER,Gold,8/3/2024,Male,Rowing,Men's Single Sculls
AIN,AIN,Silver,8/3/2024,Male,Rowing,Men's Single Sculls
Netherlands,NED,Bronze,8/3/2024,Male,Rowing,Men's Single Sculls
Romania,ROU,Gold,8/3/2024,Female,Rowing,Women's Eight
Canada,CAN,Silver,8/3/2024,Female,Rowing,Women's Eight
Great Britain,GBR,Bronze,8/3/2024,Female,Rowing,Women's Eight
Netherlands,NED,Gold,8/3/2024,Female,Rowing,Women's Single Sculls
New Zealand,NZL,Silver,8/3/2024,Female,Rowing,Women's Single Sculls
Lithuania,LTU,Bronze,8/3/2024,Female,Rowing,Women's Single Sculls
Israel,ISR,Gold,8/3/2024,Male,Sailing,Men's Windsurfing
Australia,AUS,Silver,8/3/2024,Male,Sailing,Men's Windsurfing
Netherlands,NED,Bronze,8/3/2024,Male,Sailing,Men's Windsurfing
Italy,ITA,Gold,8/3/2024,Female,Sailing,Women's Windsurfing
Israel,ISR,Silver,8/3/2024,Female,Sailing,Women's Windsurfing
Great Britain,GBR,Bronze,8/3/2024,Female,Sailing,Women's Windsurfing
Korea,KOR,Gold,8/3/2024,Female,Shooting,25m Pistol Women
France,FRA,Silver,8/3/2024,Female,Shooting,25m Pistol Women
Hungary,HUN,Bronze,8/3/2024,Female,Shooting,25m Pistol Women
United States,USA,Gold,8/3/2024,Male,Shooting,Skeet Men
United States,USA,Silver,8/3/2024,Male,Shooting,Skeet Men
Chinese Taipei,TPE,Bronze,8/3/2024,Male,Shooting,Skeet Men
Hungary,HUN,Gold,8/3/2024,Male,Swimming,Men's 100m Butterfly
Canada,CAN,Silver,8/3/2024,Male,Swimming,Men's 100m Butterfly
Canada,CAN,Bronze,8/3/2024,Male,Swimming,Men's 100m Butterfly
United States,USA,Gold,8/3/2024,Mixed Gender,Swimming,Mixed 4 x 100m Medley Relay
China,CHN,Silver,8/3/2024,Mixed Gender,Swimming,Mixed 4 x 100m Medley Relay
Australia,AUS,Bronze,8/3/2024,Mixed Gender,Swimming,Mixed 4 x 100m Medley Relay
Canada,CAN,Gold,8/3/2024,Female,Swimming,Women's 200m Individual Medley
United States,USA,Silver,8/3/2024,Female,Swimming,Women's 200m Individual Medley
Australia,AUS,Bronze,8/3/2024,Female,Swimming,Women's 200m Individual Medley
United States,USA,Gold,8/3/2024,Female,Swimming,Women's 800m Freestyle
Australia,AUS,Silver,8/3/2024,Female,Swimming,Women's 800m Freestyle
United States,USA,Bronze,8/3/2024,Female,Swimming,Women's 800m Freestyle
China,CHN,Gold,8/3/2024,Female,Table Tennis,Women's Singles
China,CHN,Silver,8/3/2024,Female,Table Tennis,Women's Singles
Japan,JPN,Bronze,8/3/2024,Female,Table Tennis,Women's Singles
Australia,AUS,Gold,8/3/2024,Male,Tennis,Men's Doubles
United States,USA,Silver,8/3/2024,Male,Tennis,Men's Doubles
United States,USA,Bronze,8/3/2024,Male,Tennis,Men's Doubles
Italy,ITA,Bronze,8/3/2024,Male,Tennis,Men's Singles
China,CHN,Gold,8/3/2024,Female,Tennis,Women's Singles
Croatia,CRO,Silver,8/3/2024,Female,Tennis,Women's Singles
Korea,KOR,Gold,8/4/2024,Male,Archery,Men's Individual
United States,USA,Silver,8/4/2024,Male,Archery,Men's Individual
Korea,KOR,Bronze,8/4/2024,Male,Archery,Men's Individual
China,CHN,Gold,8/4/2024,Male,Artistic Gymnastics,Men's Rings
China,CHN,Silver,8/4/2024,Male,Artistic Gymnastics,Men's Rings
Greece,GRE,Bronze,8/4/2024,Male,Artistic Gymnastics,Men's Rings
Philippines,PHI,Gold,8/4/2024,Male,Artistic Gymnastics,Men's Vault
Armenia,ARM,Silver,8/4/2024,Male,Artistic Gymnastics,Men's Vault
Great Britain,GBR,Bronze,8/4/2024,Male,Artistic Gymnastics,Men's Vault
Algeria,ALG,Gold,8/4/2024,Female,Artistic Gymnastics,Women's Uneven Bars
China,CHN,Silver,8/4/2024,Female,Artistic Gymnastics,Women's Uneven Bars
United States,USA,Bronze,8/4/2024,Female,Artistic Gymnastics,Women's Uneven Bars
United States,USA,Gold,8/4/2024,Male,Athletics,Men's 100m
Jamaica,JAM,Silver,8/4/2024,Male,Athletics,Men's 100m
United States,USA,Bronze,8/4/2024,Male,Athletics,Men's 100m
Canada,CAN,Gold,8/4/2024,Male,Athletics,Men's Hammer Throw
Hungary,HUN,Silver,8/4/2024,Male,Athletics,Men's Hammer Throw
Ukraine,UKR,Bronze,8/4/2024,Male,Athletics,Men's Hammer Throw
Ukraine,UKR,Gold,8/4/2024,Female,Athletics,Women's High Jump
Australia,AUS,Silver,8/4/2024,Female,Athletics,Women's High Jump
Ukraine,UKR,Bronze,8/4/2024,Female,Athletics,Women's High Jump
Australia,AUS,Bronze,8/4/2024,Female,Athletics,Women's High Jump
Chinese Taipei,TPE,Gold,8/4/2024,Male,Badminton,Men's Doubles
China,CHN,Silver,8/4/2024,Male,Badminton,Men's Doubles
Malaysia,MAS,Bronze,8/4/2024,Male,Badminton,Men's Doubles
Indonesia,INA,Bronze,8/4/2024,Female,Badminton,Women's Singles
Dominican Republic,DOM,Bronze,8/4/2024,Male,Boxing,Men's 51kg
Cabo Verde,CPV,Bronze,8/4/2024,Male,Boxing,Men's 51kg
Canada,CAN,Bronze,8/4/2024,Male,Boxing,Men's 63.5kg
Georgia,GEO,Bronze,8/4/2024,Male,Boxing,Men's 63.5kg
Dominican Republic,DOM,Bronze,8/4/2024,Male,Boxing,Men's 80kg
Cuba,CUB,Bronze,8/4/2024,Male,Boxing,Men's 80kg
Spain,ESP,Bronze,8/4/2024,Male,Boxing,Men's 92kg
Tajikistan,TJK,Bronze,8/4/2024,Male,Boxing,Men's 92kg
DPR Korea,PRK,Bronze,8/4/2024,Female,Boxing,Women's 54kg
Korea,KOR,Bronze,8/4/2024,Female,Boxing,Women's 54kg
United States,USA,Gold,8/4/2024,Female,Cycling Road,Women's Road Race
Netherlands,NED,Silver,8/4/2024,Female,Cycling Road,Women's Road Race
Belgium,BEL,Bronze,8/4/2024,Female,Cycling Road,Women's Road Race
Germany,GER,Gold,8/4/2024,Any Gender,Equestrian,Dressage Individual
Germany,GER,Silver,8/4/2024,Any Gender,Equestrian,Dressage Individual
Great Britain,GBR,Bronze,8/4/2024,Any Gender,Equestrian,Dressage Individual
Japan,JPN,Gold,8/4/2024,Male,Fencing,Men's Foil Team
Italy,ITA,Silver,8/4/2024,Male,Fencing,Men's Foil Team
France,FRA,Bronze,8/4/2024,Male,Fencing,Men's Foil Team
United States,USA,Gold,8/4/2024,Male,Golf,Men's Individual Stroke Play
Great Britain,GBR,Silver,8/4/2024,Male,Golf,Men's Individual Stroke Play
Japan,JPN,Bronze,8/4/2024,Male,Golf,Men's Individual Stroke Play
Chile,CHI,Gold,8/4/2024,Female,Shooting,Skeet Women
Great Britain,GBR,Silver,8/4/2024,Female,Shooting,Skeet Women
United States,USA,Bronze,8/4/2024,Female,Shooting,Skeet Women
United States,USA,Gold,8/4/2024,Male,Swimming,Men's 1500m Freestyle
Italy,ITA,Silver,8/4/2024,Male,Swimming,Men's 1500m Freestyle
Ireland,IRL,Bronze,8/4/2024,Male,Swimming,Men's 1500m Freestyle
China,CHN,Gold,8/4/2024,Male,Swimming,Men's 4 x 100m Medley Relay
United States,USA,Silver,8/4/2024,Male,Swimming,Men's 4 x 100m Medley Relay
France,FRA,Bronze,8/4/2024,Male,Swimming,Men's 4 x 100m Medley Relay
United States,USA,Gold,8/4/2024,Female,Swimming,Women's 4 x 100m Medley Relay
Australia,AUS,Silver,8/4/2024,Female,Swimming,Women's 4 x 100m Medley Relay
China,CHN,Bronze,8/4/2024,Female,Swimming,Women's 4 x 100m Medley Relay
Sweden,SWE,Gold,8/4/2024,Female,Swimming,Women's 50m Freestyle
Australia,AUS,Silver,8/4/2024,Female,Swimming,Women's 50m Freestyle
China,CHN,Bronze,8/4/2024,Female,Swimming,Women's 50m Freestyle
China,CHN,Gold,8/4/2024,Male,Table Tennis,Men's Singles
Sweden,SWE,Silver,8/4/2024,Male,Table Tennis,Men's Singles
France,FRA,Bronze,8/4/2024,Male,Table Tennis,Men's Singles
Serbia,SRB,Gold,8/4/2024,Male,Tennis,Men's Singles
Spain,ESP,Silver,8/4/2024,Male,Tennis,Men's Singles
Italy,ITA,Gold,8/4/2024,Female,Tennis,Women's Doubles
AIN,AIN,Silver,8/4/2024,Female,Tennis,Women's Doubles
Spain,ESP,Bronze,8/4/2024,Female,Tennis,Women's Doubles
Netherlands,NED,Gold,8/5/2024,Male,3x3 Basketball,Men
France,FRA,Silver,8/5/2024,Male,3x3 Basketball,Men
Lithuania,LTU,Bronze,8/5/2024,Male,3x3 Basketball,Men
Germany,GER,Gold,8/5/2024,Female,3x3 Basketball,Women
Spain,ESP,Silver,8/5/2024,Female,3x3 Basketball,Women
United States,USA,Bronze,8/5/2024,Female,3x3 Basketball,Women
Japan,JPN,Gold,8/5/2024,Male,Artistic Gymnastics,Men's Horizontal Bar
Colombia,COL,Silver,8/5/2024,Male,Artistic Gymnastics,Men's Horizontal Bar
China,CHN,Bronze,8/5/2024,Male,Artistic Gymnastics,Men's Horizontal Bar
Chinese Taipei,TPE,Bronze,8/5/2024,Male,Artistic Gymnastics,Men's Horizontal Bar
China,CHN,Gold,8/5/2024,Male,Artistic Gymnastics,Men's Parallel Bars
Ukraine,UKR,Silver,8/5/2024,Male,Artistic Gymnastics,Men's Parallel Bars
Japan,JPN,Bronze,8/5/2024,Male,Artistic Gymnastics,Men's Parallel Bars
Italy,ITA,Gold,8/5/2024,Female,Artistic Gymnastics,Women's Balance Beam
China,CHN,Silver,8/5/2024,Female,Artistic Gymnastics,Women's Balance Beam
Italy,ITA,Bronze,8/5/2024,Female,Artistic Gymnastics,Women's Balance Beam
Brazil,BRA,Gold,8/5/2024,Female,Artistic Gymnastics,Women's Floor Exercise
United States,USA,Silver,8/5/2024,Female,Artistic Gymnastics,Women's Floor Exercise
Romania,ROU,Bronze,8/5/2024,Female,Artistic Gymnastics,Women's Floor Exercise
Sweden,SWE,Gold,8/5/2024,Male,Athletics,Men's Pole Vault
United States,USA,Silver,8/5/2024,Male,Athletics,Men's Pole Vault
Greece,GRE,Bronze,8/5/2024,Male,Athletics,Men's Pole Vault
Kenya,KEN,Gold,8/5/2024,Female,Athletics,Women's 5000m
Kenya,KEN,Silver,8/5/2024,Female,Athletics,Women's 5000m
Netherlands,NED,Bronze,8/5/2024,Female,Athletics,Women's 5000m
Great Britain,GBR,Gold,8/5/2024,Female,Athletics,Women's 800m
Ethiopia,ETH,Silver,8/5/2024,Female,Athletics,Women's 800m
Kenya,KEN,Bronze,8/5/2024,Female,Athletics,Women's 800m
United States,USA,Gold,8/5/2024,Female,Athletics,Women's Discus Throw
China,CHN,Silver,8/5/2024,Female,Athletics,Women's Discus Throw
Croatia,CRO,Bronze,8/5/2024,Female,Athletics,Women's Discus Throw
Denmark,DEN,Gold,8/5/2024,Male,Badminton,Men's Singles
Thailand,THA,Silver,8/5/2024,Male,Badminton,Men's Singles
Malaysia,MAS,Bronze,8/5/2024,Male,Badminton,Men's Singles
Korea,KOR,Gold,8/5/2024,Female,Badminton,Women's Singles
China,CHN,Silver,8/5/2024,Female,Badminton,Women's Singles
New Zealand,NZL,Gold,8/5/2024,Male,Canoe Slalom,Men's Kayak Cross
Great Britain,GBR,Silver,8/5/2024,Male,Canoe Slalom,Men's Kayak Cross
Germany,GER,Bronze,8/5/2024,Male,Canoe Slalom,Men's Kayak Cross
Australia,AUS,Gold,8/5/2024,Female,Canoe Slalom,Women's Kayak Cross
France,FRA,Silver,8/5/2024,Female,Canoe Slalom,Women's Kayak Cross
Great Britain,GBR,Bronze,8/5/2024,Female,Canoe Slalom,Women's Kayak Cross
Great Britain,GBR,Gold,8/5/2024,Female,Cycling Track,Women's Team Sprint
New Zealand,NZL,Silver,8/5/2024,Female,Cycling Track,Women's Team Sprint
Germany,GER,Bronze,8/5/2024,Female,Cycling Track,Women's Team Sprint
China,CHN,Gold,8/5/2024,Male,Shooting,25m Rapid Fire Pistol Men
Korea,KOR,Silver,8/5/2024,Male,Shooting,25m Rapid Fire Pistol Men
China,CHN,Bronze,8/5/2024,Male,Shooting,25m Rapid Fire Pistol Men
Italy,ITA,Gold,8/5/2024,Mixed Gender,Shooting,Skeet Mixed Team
United States,USA,Silver,8/5/2024,Mixed Gender,Shooting,Skeet Mixed Team
China,CHN,Bronze,8/5/2024,Mixed Gender,Shooting,Skeet Mixed Team
France,FRA,Gold,8/5/2024,Male,Surfing,Men
Australia,AUS,Silver,8/5/2024,Male,Surfing,Men
Brazil,BRA,Bronze,8/5/2024,Male,Surfing,Men
United States,USA,Gold,8/5/2024,Female,Surfing,Women
Brazil,BRA,Silver,8/5/2024,Female,Surfing,Women
France,FRA,Bronze,8/5/2024,Female,Surfing,Women
Germany,GER,Gold,8/5/2024,Mixed Gender,Triathlon,Mixed Relay
United States,USA,Silver,8/5/2024,Mixed Gender,Triathlon,Mixed Relay
Great Britain,GBR,Bronze,8/5/2024,Mixed Gender,Triathlon,Mixed Relay
United States,USA,Gold,8/6/2024,Male,Athletics,Men's 1500m
Great Britain,GBR,Silver,8/6/2024,Male,Athletics,Men's 1500m
United States,USA,Bronze,8/6/2024,Male,Athletics,Men's 1500m
Greece,GRE,Gold,8/6/2024,Male,Athletics,Men's Long Jump
Jamaica,JAM,Silver,8/6/2024,Male,Athletics,Men's Long Jump
Italy,ITA,Bronze,8/6/2024,Male,Athletics,Men's Long Jump
United States,USA,Gold,8/6/2024,Female,Athletics,Women's 200m
Saint Lucia,LCA,Silver,8/6/2024,Female,Athletics,Women's 200m
United States,USA,Bronze,8/6/2024,Female,Athletics,Women's 200m
Bahrain,BRN,Gold,8/6/2024,Female,Athletics,Women's 3000m Steeplechase
Uganda,UGA,Silver,8/6/2024,Female,Athletics,Women's 3000m Steeplechase
Kenya,KEN,Bronze,8/6/2024,Female,Athletics,Women's 3000m Steeplechase
Canada,CAN,Gold,8/6/2024,Female,Athletics,Women's Hammer Throw
United States,USA,Silver,8/6/2024,Female,Athletics,Women's Hammer Throw
China,CHN,Bronze,8/6/2024,Female,Athletics,Women's Hammer Throw
United States,USA,Bronze,8/6/2024,Male,Boxing,Men's 71kg
Great Britain,GBR,Bronze,8/6/2024,Male,Boxing,Men's 71kg
Kazakhstan,KAZ,Bronze,8/6/2024,Female,Boxing,Women's 50kg
Philippines,PHI,Bronze,8/6/2024,Female,Boxing,Women's 50kg
Ireland,IRL,Gold,8/6/2024,Female,Boxing,Women's 60kg
China,CHN,Silver,8/6/2024,Female,Boxing,Women's 60kg
Thailand,THA,Bronze,8/6/2024,Female,Boxing,Women's 66kg
Chinese Taipei,TPE,Bronze,8/6/2024,Female,Boxing,Women's 66kg
Netherlands,NED,Gold,8/6/2024,Male,Cycling Track,Men's Team Sprint
Great Britain,GBR,Silver,8/6/2024,Male,Cycling Track,Men's Team Sprint
Australia,AUS,Bronze,8/6/2024,Male,Cycling Track,Men's Team Sprint
China,CHN,Gold,8/6/2024,Female,Diving,Women's 10m Platform
China,CHN,Silver,8/6/2024,Female,Diving,Women's 10m Platform
DPR Korea,PRK,Bronze,8/6/2024,Female,Diving,Women's 10m Platform
Germany,GER,Gold,8/6/2024,Any Gender,Equestrian,Jumping Individual
Switzerland,SUI,Silver,8/6/2024,Any Gender,Equestrian,Jumping Individual
Netherlands,NED,Bronze,8/6/2024,Any Gender,Equestrian,Jumping Individual
Australia,AUS,Gold,8/6/2024,Female,Skateboarding,Women's Park
Japan,JPN,Silver,8/6/2024,Female,Skateboarding,Women's Park
Great Britain,GBR,Bronze,8/6/2024,Female,Skateboarding,Women's Park
Cuba,CUB,Gold,8/6/2024,Male,Wrestling,Men's Greco-Roman 130kg
Chile,CHI,Silver,8/6/2024,Male,Wrestling,Men's Greco-Roman 130kg
IR Iran,IRI,Bronze,8/6/2024,Male,Wrestling,Men's Greco-Roman 130kg
China,CHN,Bronze,8/6/2024,Male,Wrestling,Men's Greco-Roman 130kg
Japan,JPN,Gold,8/6/2024,Male,Wrestling,Men's Greco-Roman 60kg
China,CHN,Silver,8/6/2024,Male,Wrestling,Men's Greco-Roman 60kg
Kyrgyzstan,KGZ,Bronze,8/6/2024,Male,Wrestling,Men's Greco-Roman 60kg
DPR Korea,PRK,Bronze,8/6/2024,Male,Wrestling,Men's Greco-Roman 60kg
United States,USA,Gold,8/6/2024,Female,Wrestling,Women's Freestyle 68kg
Kyrgyzstan,KGZ,Silver,8/6/2024,Female,Wrestling,Women's Freestyle 68kg
Turkiye,TUR,Bronze,8/6/2024,Female,Wrestling,Women's Freestyle 68kg
Japan,JPN,Bronze,8/6/2024,Female,Wrestling,Women's Freestyle 68kg
China,CHN,Gold,8/7/2024,Mixed Gender,Artistic Swimming,Team
United States,USA,Silver,8/7/2024,Mixed Gender,Artistic Swimming,Team
Spain,ESP,Bronze,8/7/2024,Mixed Gender,Artistic Swimming,Team
Spain,ESP,Gold,8/7/2024,Mixed Gender,Athletics,Marathon Race Walk Relay Mixed
Ecuador,ECU,Silver,8/7/2024,Mixed Gender,Athletics,Marathon Race Walk Relay Mixed
Australia,AUS,Bronze,8/7/2024,Mixed Gender,Athletics,Marathon Race Walk Relay Mixed
Morocco,MAR,Gold,8/7/2024,Male,Athletics,Men's 3000m Steeplechase
United States,USA,Silver,8/7/2024,Male,Athletics,Men's 3000m Steeplechase
Kenya,KEN,Bronze,8/7/2024,Male,Athletics,Men's 3000m Steeplechase
United States,USA,Gold,8/7/2024,Male,Athletics,Men's 400m
Great Britain,GBR,Silver,8/7/2024,Male,Athletics,Men's 400m
Zambia,ZAM,Bronze,8/7/2024,Male,Athletics,Men's 400m
Jamaica,JAM,Gold,8/7/2024,Male,Athletics,Men's Discus Throw
Lithuania,LTU,Silver,8/7/2024,Male,Athletics,Men's Discus Throw
Australia,AUS,Bronze,8/7/2024,Male,Athletics,Men's Discus Throw
Australia,AUS,Gold,8/7/2024,Female,Athletics,Women's Pole Vault
United States,USA,Silver,8/7/2024,Female,Athletics,Women's Pole Vault
Canada,CAN,Bronze,8/7/2024,Female,Athletics,Women's Pole Vault
Germany,GER,Bronze,8/7/2024,Male,Boxing,Men's +92kg
France,FRA,Bronze,8/7/2024,Male,Boxing,Men's +92kg
Cuba,CUB,Gold,8/7/2024,Male,Boxing,Men's 63.5kg
France,FRA,Silver,8/7/2024,Male,Boxing,Men's 63.5kg
Ukraine,UKR,Gold,8/7/2024,Male,Boxing,Men's 80kg
Kazakhstan,KAZ,Silver,8/7/2024,Male,Boxing,Men's 80kg
Turkiye,TUR,Bronze,8/7/2024,Female,Boxing,Women's 57kg
Philippines,PHI,Bronze,8/7/2024,Female,Boxing,Women's 57kg
Australia,AUS,Gold,8/7/2024,Male,Cycling Track,Men's Team Pursuit
Great Britain,GBR,Silver,8/7/2024,Male,Cycling Track,Men's Team Pursuit
Italy,ITA,Bronze,8/7/2024,Male,Cycling Track,Men's Team Pursuit
United States,USA,Gold,8/7/2024,Female,Cycling Track,Women's Team Pursuit
New Zealand,NZL,Silver,8/7/2024,Female,Cycling Track,Women's Team Pursuit
Great Britain,GBR,Bronze,8/7/2024,Female,Cycling Track,Women's Team Pursuit
Australia,AUS,Gold,8/7/2024,Male,Sailing,Men's Dinghy
Cyprus,CYP,Silver,8/7/2024,Male,Sailing,Men's Dinghy
Peru,PER,Bronze,8/7/2024,Male,Sailing,Men's Dinghy
Netherlands,NED,Gold,8/7/2024,Female,Sailing,Women's Dinghy
Denmark,DEN,Silver,8/7/2024,Female,Sailing,Women's Dinghy
Norway,NOR,Bronze,8/7/2024,Female,Sailing,Women's Dinghy
Australia,AUS,Gold,8/7/2024,Male,Skateboarding,Men's Park
United States,USA,Silver,8/7/2024,Male,Skateboarding,Men's Park
Brazil,BRA,Bronze,8/7/2024,Male,Skateboarding,Men's Park
Poland,POL,Gold,8/7/2024,Female,Sport Climbing,Women's Speed
China,CHN,Silver,8/7/2024,Female,Sport Climbing,Women's Speed
Poland,POL,Bronze,8/7/2024,Female,Sport Climbing,Women's Speed
Korea,KOR,Gold,8/7/2024,Male,Taekwondo,Men -58kg
Azerbaijan,AZE,Silver,8/7/2024,Male,Taekwondo,Men -58kg
France,FRA,Bronze,8/7/2024,Male,Taekwondo,Men -58kg
Tunisia,TUN,Bronze,8/7/2024,Male,Taekwondo,Men -58kg
Thailand,THA,Gold,8/7/2024,Female,Taekwondo,Women -49kg
China,CHN,Silver,8/7/2024,Female,Taekwondo,Women -49kg
IR Iran,IRI,Bronze,8/7/2024,Female,Taekwondo,Women -49kg
Croatia,CRO,Bronze,8/7/2024,Female,Taekwondo,Women -49kg
China,CHN,Gold,8/7/2024,Male,Weightlifting,Men's 61kg
Thailand,THA,Silver,8/7/2024,Male,Weightlifting,Men's 61kg
United States,USA,Bronze,8/7/2024,Male,Weightlifting,Men's 61kg
China,CHN,Gold,8/7/2024,Female,Weightlifting,Women's 49kg
Romania,ROU,Silver,8/7/2024,Female,Weightlifting,Women's 49kg
Thailand,THA,Bronze,8/7/2024,Female,Weightlifting,Women's 49kg
Japan,JPN,Gold,8/7/2024,Male,Wrestling,Men's Greco-Roman 77kg
Kazakhstan,KAZ,Silver,8/7/2024,Male,Wrestling,Men's Greco-Roman 77kg
Armenia,ARM,Bronze,8/7/2024,Male,Wrestling,Men's Greco-Roman 77kg
Kyrgyzstan,KGZ,Bronze,8/7/2024,Male,Wrestling,Men's Greco-Roman 77kg
IR Iran,IRI,Gold,8/7/2024,Male,Wrestling,Men's Greco-Roman 97kg
Armenia,ARM,Silver,8/7/2024,Male,Wrestling,Men's Greco-Roman 97kg
Cuba,CUB,Bronze,8/7/2024,Male,Wrestling,Men's Greco-Roman 97kg
Kyrgyzstan,KGZ,Bronze,8/7/2024,Male,Wrestling,Men's Greco-Roman 97kg
United States,USA,Gold,8/7/2024,Female,Wrestling,Women's Freestyle 50kg
Cuba,CUB,Silver,8/7/2024,Female,Wrestling,Women's Freestyle 50kg
Japan,JPN,Bronze,8/7/2024,Female,Wrestling,Women's Freestyle 50kg
China,CHN,Bronze,8/7/2024,Female,Wrestling,Women's Freestyle 50kg
United States,USA,Gold,8/8/2024,Male,Athletics,Men's 110m Hurdles
United States,USA,Silver,8/8/2024,Male,Athletics,Men's 110m Hurdles
Jamaica,JAM,Bronze,8/8/2024,Male,Athletics,Men's 110m Hurdles
Botswana,BOT,Gold,8/8/2024,Male,Athletics,Men's 200m
United States,USA,Silver,8/8/2024,Male,Athletics,Men's 200m
United States,USA,Bronze,8/8/2024,Male,Athletics,Men's 200m
Pakistan,PAK,Gold,8/8/2024,Male,Athletics,Men's Javelin Throw
India,IND,Silver,8/8/2024,Male,Athletics,Men's Javelin Throw
Grenada,GRN,Bronze,8/8/2024,Male,Athletics,Men's Javelin Throw
United States,USA,Gold,8/8/2024,Female,Athletics,Women's 400m Hurdles
United States,USA,Silver,8/8/2024,Female,Athletics,Women's 400m Hurdles
Netherlands,NED,Bronze,8/8/2024,Female,Athletics,Women's 400m Hurdles
United States,USA,Gold,8/8/2024,Female,Athletics,Women's Long Jump
Germany,GER,Silver,8/8/2024,Female,Athletics,Women's Long Jump
United States,USA,Bronze,8/8/2024,Female,Athletics,Women's Long Jump
Uzbekistan,UZB,Gold,8/8/2024,Male,Boxing,Men's 51kg
France,FRA,Silver,8/8/2024,Male,Boxing,Men's 51kg
Australia,AUS,Bronze,8/8/2024,Male,Boxing,Men's 57kg
Bulgaria,BUL,Bronze,8/8/2024,Male,Boxing,Men's 57kg
China,CHN,Gold,8/8/2024,Female,Boxing,Women's 54kg
Turkiye,TUR,Silver,8/8/2024,Female,Boxing,Women's 54kg
Australia,AUS,Bronze,8/8/2024,Female,Boxing,Women's 75kg
EOR,EOR,Bronze,8/8/2024,Female,Boxing,Women's 75kg
China,CHN,Gold,8/8/2024,Male,Canoe Sprint,Men's Canoe Double 500m
Italy,ITA,Silver,8/8/2024,Male,Canoe Sprint,Men's Canoe Double 500m
Spain,ESP,Bronze,8/8/2024,Male,Canoe Sprint,Men's Canoe Double 500m
Germany,GER,Gold,8/8/2024,Male,Canoe Sprint,Men's Kayak Four 500m
Australia,AUS,Silver,8/8/2024,Male,Canoe Sprint,Men's Kayak Four 500m
Spain,ESP,Bronze,8/8/2024,Male,Canoe Sprint,Men's Kayak Four 500m
New Zealand,NZL,Gold,8/8/2024,Female,Canoe Sprint,Women's Kayak Four 500m
Germany,GER,Silver,8/8/2024,Female,Canoe Sprint,Women's Kayak Four 500m
Hungary,HUN,Bronze,8/8/2024,Female,Canoe Sprint,Women's Kayak Four 500m
France,FRA,Gold,8/8/2024,Male,Cycling Track,Men's Omnium
Portugal,POR,Silver,8/8/2024,Male,Cycling Track,Men's Omnium
Belgium,BEL,Bronze,8/8/2024,Male,Cycling Track,Men's Omnium
New Zealand,NZL,Gold,8/8/2024,Female,Cycling Track,Women's Keirin
Netherlands,NED,Silver,8/8/2024,Female,Cycling Track,Women's Keirin
Great Britain,GBR,Bronze,8/8/2024,Female,Cycling Track,Women's Keirin
China,CHN,Gold,8/8/2024,Male,Diving,Men's 3m Springboard
China,CHN,Silver,8/8/2024,Male,Diving,Men's 3m Springboard
Mexico,MEX,Bronze,8/8/2024,Male,Diving,Men's 3m Springboard
Morocco,MAR,Bronze,8/8/2024,Male,Football,Men
Netherlands,NED,Gold,8/8/2024,Male,Hockey,Men
Germany,GER,Silver,8/8/2024,Male,Hockey,Men
India,IND,Bronze,8/8/2024,Male,Hockey,Men
Netherlands,NED,Gold,8/8/2024,Female,Marathon Swimming,Women's 10km
Australia,AUS,Silver,8/8/2024,Female,Marathon Swimming,Women's 10km
Italy,ITA,Bronze,8/8/2024,Female,Marathon Swimming,Women's 10km
Austria,AUT,Gold,8/8/2024,Mixed Gender,Sailing,Mixed Dinghy
Japan,JPN,Silver,8/8/2024,Mixed Gender,Sailing,Mixed Dinghy
Sweden,SWE,Bronze,8/8/2024,Mixed Gender,Sailing,Mixed Dinghy
Italy,ITA,Gold,8/8/2024,Mixed Gender,Sailing,Mixed Multihull
Argentina,ARG,Silver,8/8/2024,Mixed Gender,Sailing,Mixed Multihull
New Zealand,NZL,Bronze,8/8/2024,Mixed Gender,Sailing,Mixed Multihull
Great Britain,GBR,Gold,8/8/2024,Female,Sailing,Women's Kite
France,FRA,Silver,8/8/2024,Female,Sailing,Women's Kite
Netherlands,NED,Bronze,8/8/2024,Female,Sailing,Women's Kite
Indonesia,INA,Gold,8/8/2024,Male,Sport Climbing,Men's Speed
China,CHN,Silver,8/8/2024,Male,Sport Climbing,Men's Speed
United States,USA,Bronze,8/8/2024,Male,Sport Climbing,Men's Speed
Uzbekistan,UZB,Gold,8/8/2024,Male,Taekwondo,Men -68kg
Jordan,JOR,Silver,8/8/2024,Male,Taekwondo,Men -68kg
China,CHN,Bronze,8/8/2024,Male,Taekwondo,Men -68kg
Brazil,BRA,Bronze,8/8/2024,Male,Taekwondo,Men -68kg
Korea,KOR,Gold,8/8/2024,Female,Taekwondo,Women -57kg
IR Iran,IRI,Silver,8/8/2024,Female,Taekwondo,Women -57kg
Canada,CAN,Bronze,8/8/2024,Female,Taekwondo,Women -57kg
Bulgaria,BUL,Bronze,8/8/2024,Female,Taekwondo,Women -57kg
Indonesia,INA,Gold,8/8/2024,Male,Weightlifting,Men's 73kg
Thailand,THA,Silver,8/8/2024,Male,Weightlifting,Men's 73kg
Bulgaria,BUL,Bronze,8/8/2024,Male,Weightlifting,Men's 73kg
China,CHN,Gold,8/8/2024,Female,Weightlifting,Women's 59kg
Canada,CAN,Silver,8/8/2024,Female,Weightlifting,Women's 59kg
Chinese Taipei,TPE,Bronze,8/8/2024,Female,Weightlifting,Women's 59kg
IR Iran,IRI,Gold,8/8/2024,Male,Wrestling,Men's Greco-Roman 67kg
Ukraine,UKR,Silver,8/8/2024,Male,Wrestling,Men's Greco-Roman 67kg
Azerbaijan,AZE,Bronze,8/8/2024,Male,Wrestling,Men's Greco-Roman 67kg
Cuba,CUB,Bronze,8/8/2024,Male,Wrestling,Men's Greco-Roman 67kg
Bulgaria,BUL,Gold,8/8/2024,Male,Wrestling,Men's Greco-Roman 87kg
IR Iran,IRI,Silver,8/8/2024,Male,Wrestling,Men's Greco-Roman 87kg
Ukraine,UKR,Bronze,8/8/2024,Male,Wrestling,Men's Greco-Roman 87kg
Denmark,DEN,Bronze,8/8/2024,Male,Wrestling,Men's Greco-Roman 87kg
Japan,JPN,Gold,8/8/2024,Female,Wrestling,Women's Freestyle 53kg
Ecuador,ECU,Silver,8/8/2024,Female,Wrestling,Women's Freestyle 53kg
DPR Korea,PRK,Bronze,8/8/2024,Female,Wrestling,Women's Freestyle 53kg
China,CHN,Bronze,8/8/2024,Female,Wrestling,Women's Freestyle 53kg
Canada,CAN,Gold,8/9/2024,Male,Athletics,Men's 4 x 100m Relay
South Africa,RSA,Silver,8/9/2024,Male,Athletics,Men's 4 x 100m Relay
Great Britain,GBR,Bronze,8/9/2024,Male,Athletics,Men's 4 x 100m Relay
United States,USA,Gold,8/9/2024,Male,Athletics,Men's 400m Hurdles
Norway,NOR,Silver,8/9/2024,Male,Athletics,Men's 400m Hurdles
Brazil,BRA,Bronze,8/9/2024,Male,Athletics,Men's 400m Hurdles
Spain,ESP,Gold,8/9/2024,Male,Athletics,Men's Triple Jump
Portugal,POR,Silver,8/9/2024,Male,Athletics,Men's Triple Jump
Italy,ITA,Bronze,8/9/2024,Male,Athletics,Men's Triple Jump
Kenya,KEN,Gold,8/9/2024,Female,Athletics,"Women's 10,000m"
Italy,ITA,Silver,8/9/2024,Female,Athletics,"Women's 10,000m"
Netherlands,NED,Bronze,8/9/2024,Female,Athletics,"Women's 10,000m"
United States,USA,Gold,8/9/2024,Female,Athletics,Women's 4 x 100m Relay
Great Britain,GBR,Silver,8/9/2024,Female,Athletics,Women's 4 x 100m Relay
Germany,GER,Bronze,8/9/2024,Female,Athletics,Women's 4 x 100m Relay
Dominican Republic,DOM,Gold,8/9/2024,Female,Athletics,Women's 400m
Bahrain,BRN,Silver,8/9/2024,Female,Athletics,Women's 400m
Poland,POL,Bronze,8/9/2024,Female,Athletics,Women's 400m
Germany,GER,Gold,8/9/2024,Female,Athletics,Women's Shot Put
New Zealand,NZL,Silver,8/9/2024,Female,Athletics,Women's Shot Put
China,CHN,Bronze,8/9/2024,Female,Athletics,Women's Shot Put
Brazil,BRA,Gold,8/9/2024,Female,Beach Volleyball,Women
Canada,CAN,Silver,8/9/2024,Female,Beach Volleyball,Women
Switzerland,SUI,Bronze,8/9/2024,Female,Beach Volleyball,Women
Uzbekistan,UZB,Gold,8/9/2024,Male,Boxing,Men's 71kg
Mexico,MEX,Silver,8/9/2024,Male,Boxing,Men's 71kg
Uzbekistan,UZB,Gold,8/9/2024,Male,Boxing,Men's 92kg
Azerbaijan,AZE,Silver,8/9/2024,Male,Boxing,Men's 92kg
China,CHN,Gold,8/9/2024,Female,Boxing,Women's 50kg
Turkiye,TUR,Silver,8/9/2024,Female,Boxing,Women's 50kg
Algeria,ALG,Gold,8/9/2024,Female,Boxing,Women's 66kg
China,CHN,Silver,8/9/2024,Female,Boxing,Women's 66kg
Japan,JPN,Gold,8/9/2024,Female,Breaking,B-Girls
Lithuania,LTU,Silver,8/9/2024,Female,Breaking,B-Girls
China,CHN,Bronze,8/9/2024,Female,Breaking,B-Girls
Czechia,CZE,Gold,8/9/2024,Male,Canoe Sprint,Men's Canoe Single 1000m
Brazil,BRA,Silver,8/9/2024,Male,Canoe Sprint,Men's Canoe Single 1000m
Republic of Moldova,MDA,Bronze,8/9/2024,Male,Canoe Sprint,Men's Canoe Single 1000m
Germany,GER,Gold,8/9/2024,Male,Canoe Sprint,Men's Kayak Double 500m
Hungary,HUN,Silver,8/9/2024,Male,Canoe Sprint,Men's Kayak Double 500m
Australia,AUS,Bronze,8/9/2024,Male,Canoe Sprint,Men's Kayak Double 500m
China,CHN,Gold,8/9/2024,Female,Canoe Sprint,Women's Canoe Double 500m
Ukraine,UKR,Silver,8/9/2024,Female,Canoe Sprint,Women's Canoe Double 500m
Canada,CAN,Bronze,8/9/2024,Female,Canoe Sprint,Women's Canoe Double 500m
New Zealand,NZL,Gold,8/9/2024,Female,Canoe Sprint,Women's Kayak Double 500m
Hungary,HUN,Silver,8/9/2024,Female,Canoe Sprint,Women's Kayak Double 500m
Germany,GER,Bronze,8/9/2024,Female,Canoe Sprint,Women's Kayak Double 500m
Hungary,HUN,Bronze,8/9/2024,Female,Canoe Sprint,Women's Kayak Double 500m
Netherlands,NED,Gold,8/9/2024,Male,Cycling Track,Men's Sprint
Australia,AUS,Silver,8/9/2024,Male,Cycling Track,Men's Sprint
Great Britain,GBR,Bronze,8/9/2024,Male,Cycling Track,Men's Sprint
Italy,ITA,Gold,8/9/2024,Female,Cycling Track,Women's Madison
Great Britain,GBR,Silver,8/9/2024,Female,Cycling Track,Women's Madison
Netherlands,NED,Bronze,8/9/2024,Female,Cycling Track,Women's Madison
China,CHN,Gold,8/9/2024,Female,Diving,Women's 3m Springboard
Australia,AUS,Silver,8/9/2024,Female,Diving,Women's 3m Springboard
China,CHN,Bronze,8/9/2024,Female,Diving,Women's 3m Springboard
Spain,ESP,Gold,8/9/2024,Male,Football,Men
France,FRA,Silver,8/9/2024,Male,Football,Men
Germany,GER,Bronze,8/9/2024,Female,Football,Women
Netherlands,NED,Gold,8/9/2024,Female,Hockey,Women
China,CHN,Silver,8/9/2024,Female,Hockey,Women
Argentina,ARG,Bronze,8/9/2024,Female,Hockey,Women
Hungary,HUN,Gold,8/9/2024,Male,Marathon Swimming,Men's 10km
Germany,GER,Silver,8/9/2024,Male,Marathon Swimming,Men's 10km
Hungary,HUN,Bronze,8/9/2024,Male,Marathon Swimming,Men's 10km
Austria,AUT,Gold,8/9/2024,Male,Sailing,Men's Kite
Slovenia,SLO,Silver,8/9/2024,Male,Sailing,Men's Kite
Singapore,SGP,Bronze,8/9/2024,Male,Sailing,Men's Kite
Great Britain,GBR,Gold,8/9/2024,Male,Sport Climbing,Men's Boulder & Lead
Japan,JPN,Silver,8/9/2024,Male,Sport Climbing,Men's Boulder & Lead
Austria,AUT,Bronze,8/9/2024,Male,Sport Climbing,Men's Boulder & Lead
China,CHN,Gold,8/9/2024,Male,Table Tennis,Men's Team
Sweden,SWE,Silver,8/9/2024,Male,Table Tennis,Men's Team
France,FRA,Bronze,8/9/2024,Male,Table Tennis,Men's Team
Tunisia,TUN,Gold,8/9/2024,Male,Taekwondo,Men -80kg
IR Iran,IRI,Silver,8/9/2024,Male,Taekwondo,Men -80kg
Italy,ITA,Bronze,8/9/2024,Male,Taekwondo,Men -80kg
Denmark,DEN,Bronze,8/9/2024,Male,Taekwondo,Men -80kg
Hungary,HUN,Gold,8/9/2024,Female,Taekwondo,Women -67kg
Serbia,SRB,Silver,8/9/2024,Female,Taekwondo,Women -67kg
United States,USA,Bronze,8/9/2024,Female,Taekwondo,Women -67kg
Belgium,BEL,Bronze,8/9/2024,Female,Taekwondo,Women -67kg
United States,USA,Bronze,8/9/2024,Male,Volleyball,Men
Bulgaria,BUL,Gold,8/9/2024,Male,Weightlifting,Men's 89kg
Colombia,COL,Silver,8/9/2024,Male,Weightlifting,Men's 89kg
Italy,ITA,Bronze,8/9/2024,Male,Weightlifting,Men's 89kg
United States,USA,Gold,8/9/2024,Female,Weightlifting,Women's 71kg
Colombia,COL,Silver,8/9/2024,Female,Weightlifting,Women's 71kg
Ecuador,ECU,Bronze,8/9/2024,Female,Weightlifting,Women's 71kg
Japan,JPN,Gold,8/9/2024,Male,Wrestling,Men's Freestyle 57kg
United States,USA,Silver,8/9/2024,Male,Wrestling,Men's Freestyle 57kg
India,IND,Bronze,8/9/2024,Male,Wrestling,Men's Freestyle 57kg
Uzbekistan,UZB,Bronze,8/9/2024,Male,Wrestling,Men's Freestyle 57kg
Bulgaria,BUL,Gold,8/9/2024,Male,Wrestling,Men's Freestyle 86kg
IR Iran,IRI,Silver,8/9/2024,Male,Wrestling,Men's Freestyle 86kg
United States,USA,Bronze,8/9/2024,Male,Wrestling,Men's Freestyle 86kg
Greece,GRE,Bronze,8/9/2024,Male,Wrestling,Men's Freestyle 86kg
Japan,JPN,Gold,8/9/2024,Female,Wrestling,Women's Freestyle 57kg
Republic of Moldova,MDA,Silver,8/9/2024,Female,Wrestling,Women's Freestyle 57kg
United States,USA,Bronze,8/9/2024,Female,Wrestling,Women's Freestyle 57kg
China,CHN,Bronze,8/9/2024,Female,Wrestling,Women's Freestyle 57kg
China,CHN,Gold,8/10/2024,Female,Artistic Swimming,Duet
Great Britain,GBR,Silver,8/10/2024,Female,Artistic Swimming,Duet
Netherlands,NED,Bronze,8/10/2024,Female,Artistic Swimming,Duet
United States,USA,Gold,8/10/2024,Male,Athletics,Men's 4 x 400m Relay
Botswana,BOT,Silver,8/10/2024,Male,Athletics,Men's 4 x 400m Relay
Great Britain,GBR,Bronze,8/10/2024,Male,Athletics,Men's 4 x 400m Relay
Norway,NOR,Gold,8/10/2024,Male,Athletics,Men's 5000m
Kenya,KEN,Silver,8/10/2024,Male,Athletics,Men's 5000m
United States,USA,Bronze,8/10/2024,Male,Athletics,Men's 5000m
Kenya,KEN,Gold,8/10/2024,Male,Athletics,Men's 800m
Canada,CAN,Silver,8/10/2024,Male,Athletics,Men's 800m
Algeria,ALG,Bronze,8/10/2024,Male,Athletics,Men's 800m
New Zealand,NZL,Gold,8/10/2024,Male,Athletics,Men's High Jump
United States,USA,Silver,8/10/2024,Male,Athletics,Men's High Jump
Qatar,QAT,Bronze,8/10/2024,Male,Athletics,Men's High Jump
Ethiopia,ETH,Gold,8/10/2024,Male,Athletics,Men's Marathon
Belgium,BEL,Silver,8/10/2024,Male,Athletics,Men's Marathon
Kenya,KEN,Bronze,8/10/2024,Male,Athletics,Men's Marathon
United States,USA,Gold,8/10/2024,Female,Athletics,Women's 100m Hurdles
France,FRA,Silver,8/10/2024,Female,Athletics,Women's 100m Hurdles
Puerto Rico,PUR,Bronze,8/10/2024,Female,Athletics,Women's 100m Hurdles
Kenya,KEN,Gold,8/10/2024,Female,Athletics,Women's 1500m
Australia,AUS,Silver,8/10/2024,Female,Athletics,Women's 1500m
Great Britain,GBR,Bronze,8/10/2024,Female,Athletics,Women's 1500m
United States,USA,Gold,8/10/2024,Female,Athletics,Women's 4 x 400m Relay
Netherlands,NED,Silver,8/10/2024,Female,Athletics,Women's 4 x 400m Relay
Great Britain,GBR,Bronze,8/10/2024,Female,Athletics,Women's 4 x 400m Relay
Japan,JPN,Gold,8/10/2024,Female,Athletics,Women's Javelin Throw
South Africa,RSA,Silver,8/10/2024,Female,Athletics,Women's Javelin Throw
Czechia,CZE,Bronze,8/10/2024,Female,Athletics,Women's Javelin Throw
United States,USA,Gold,8/10/2024,Male,Basketball,Men
France,FRA,Silver,8/10/2024,Male,Basketball,Men
Serbia,SRB,Bronze,8/10/2024,Male,Basketball,Men
Sweden,SWE,Gold,8/10/2024,Male,Beach Volleyball,Men
Germany,GER,Silver,8/10/2024,Male,Beach Volleyball,Men
Norway,NOR,Bronze,8/10/2024,Male,Beach Volleyball,Men
Uzbekistan,UZB,Gold,8/10/2024,Male,Boxing,Men's +92kg
Spain,ESP,Silver,8/10/2024,Male,Boxing,Men's +92kg
Uzbekistan,UZB,Gold,8/10/2024,Male,Boxing,Men's 57kg
Kyrgyzstan,KGZ,Silver,8/10/2024,Male,Boxing,Men's 57kg
Chinese Taipei,TPE,Gold,8/10/2024,Female,Boxing,Women's 57kg
Poland,POL,Silver,8/10/2024,Female,Boxing,Women's 57kg
China,CHN,Gold,8/10/2024,Female,Boxing,Women's 75kg
Panama,PAN,Silver,8/10/2024,Female,Boxing,Women's 75kg
Canada,CAN,Gold,8/10/2024,Male,Breaking,B-Boys
France,FRA,Silver,8/10/2024,Male,Breaking,B-Boys
United States,USA,Bronze,8/10/2024,Male,Breaking,B-Boys
Czechia,CZE,Gold,8/10/2024,Male,Canoe Sprint,Men's Kayak Single 1000m
Hungary,HUN,Silver,8/10/2024,Male,Canoe Sprint,Men's Kayak Single 1000m
Hungary,HUN,Bronze,8/10/2024,Male,Canoe Sprint,Men's Kayak Single 1000m
Canada,CAN,Gold,8/10/2024,Female,Canoe Sprint,Women's Canoe Single 200m
United States,USA,Silver,8/10/2024,Female,Canoe Sprint,Women's Canoe Single 200m
Cuba,CUB,Bronze,8/10/2024,Female,Canoe Sprint,Women's Canoe Single 200m
New Zealand,NZL,Gold,8/10/2024,Female,Canoe Sprint,Women's Kayak Single 500m
Hungary,HUN,Silver,8/10/2024,Female,Canoe Sprint,Women's Kayak Single 500m
Denmark,DEN,Bronze,8/10/2024,Female,Canoe Sprint,Women's Kayak Single 500m
Portugal,POR,Gold,8/10/2024,Male,Cycling Track,Men's Madison
Italy,ITA,Silver,8/10/2024,Male,Cycling Track,Men's Madison
Denmark,DEN,Bronze,8/10/2024,Male,Cycling Track,Men's Madison
China,CHN,Gold,8/10/2024,Male,Diving,Men's 10m Platform
Japan,JPN,Silver,8/10/2024,Male,Diving,Men's 10m Platform
Great Britain,GBR,Bronze,8/10/2024,Male,Diving,Men's 10m Platform
United States,USA,Gold,8/10/2024,Female,Football,Women
Brazil,BRA,Silver,8/10/2024,Female,Football,Women
New Zealand,NZL,Gold,8/10/2024,Female,Golf,Women's Individual Stroke Play
Germany,GER,Silver,8/10/2024,Female,Golf,Women's Individual Stroke Play
China,CHN,Bronze,8/10/2024,Female,Golf,Women's Individual Stroke Play
Norway,NOR,Gold,8/10/2024,Female,Handball,Women
France,FRA,Silver,8/10/2024,Female,Handball,Women
Denmark,DEN,Bronze,8/10/2024,Female,Handball,Women
Egypt,EGY,Gold,8/10/2024,Male,Modern Pentathlon,Men's Individual
Japan,JPN,Silver,8/10/2024,Male,Modern Pentathlon,Men's Individual
Italy,ITA,Bronze,8/10/2024,Male,Modern Pentathlon,Men's Individual
Slovenia,SLO,Gold,8/10/2024,Female,Sport Climbing,Women's Boulder & Lead
United States,USA,Silver,8/10/2024,Female,Sport Climbing,Women's Boulder & Lead
Austria,AUT,Bronze,8/10/2024,Female,Sport Climbing,Women's Boulder & Lead
China,CHN,Gold,8/10/2024,Female,Table Tennis,Women's Team
Japan,JPN,Silver,8/10/2024,Female,Table Tennis,Women's Team
Korea,KOR,Bronze,8/10/2024,Female,Table Tennis,Women's Team
IR Iran,IRI,Gold,8/10/2024,Male,Taekwondo,Men +80kg
Great Britain,GBR,Silver,8/10/2024,Male,Taekwondo,Men +80kg
Cuba,CUB,Bronze,8/10/2024,Male,Taekwondo,Men +80kg
Cote d'Ivoire,CIV,Bronze,8/10/2024,Male,Taekwondo,Men +80kg
France,FRA,Gold,8/10/2024,Female,Taekwondo,Women +67kg
Uzbekistan,UZB,Silver,8/10/2024,Female,Taekwondo,Women +67kg
Korea,KOR,Bronze,8/10/2024,Female,Taekwondo,Women +67kg
Turkiye,TUR,Bronze,8/10/2024,Female,Taekwondo,Women +67kg
France,FRA,Gold,8/10/2024,Male,Volleyball,Men
Poland,POL,Silver,8/10/2024,Male,Volleyball,Men
Brazil,BRA,Bronze,8/10/2024,Female,Volleyball,Women
Spain,ESP,Gold,8/10/2024,Female,Water Polo,Women
Australia,AUS,Silver,8/10/2024,Female,Water Polo,Women
Netherlands,NED,Bronze,8/10/2024,Female,Water Polo,Women
Georgia,GEO,Gold,8/10/2024,Male,Weightlifting,Men's +102kg
Armenia,ARM,Silver,8/10/2024,Male,Weightlifting,Men's +102kg
Bahrain,BRN,Bronze,8/10/2024,Male,Weightlifting,Men's +102kg
China,CHN,Gold,8/10/2024,Male,Weightlifting,Men's 102kg
Uzbekistan,UZB,Silver,8/10/2024,Male,Weightlifting,Men's 102kg
AIN,AIN,Bronze,8/10/2024,Male,Weightlifting,Men's 102kg
Norway,NOR,Gold,8/10/2024,Female,Weightlifting,Women's 81kg
Egypt,EGY,Silver,8/10/2024,Female,Weightlifting,Women's 81kg
Ecuador,ECU,Bronze,8/10/2024,Female,Weightlifting,Women's 81kg
Georgia,GEO,Gold,8/10/2024,Male,Wrestling,Men's Freestyle 125kg
IR Iran,IRI,Silver,8/10/2024,Male,Wrestling,Men's Freestyle 125kg
Turkiye,TUR,Bronze,8/10/2024,Male,Wrestling,Men's Freestyle 125kg
Azerbaijan,AZE,Bronze,8/10/2024,Male,Wrestling,Men's Freestyle 125kg
Uzbekistan,UZB,Gold,8/10/2024,Male,Wrestling,Men's Freestyle 74kg
Japan,JPN,Silver,8/10/2024,Male,Wrestling,Men's Freestyle 74kg
United States,USA,Bronze,8/10/2024,Male,Wrestling,Men's Freestyle 74kg
Albania,ALB,Bronze,8/10/2024,Male,Wrestling,Men's Freestyle 74kg
Japan,JPN,Gold,8/10/2024,Female,Wrestling,Women's Freestyle 62kg
Ukraine,UKR,Silver,8/10/2024,Female,Wrestling,Women's Freestyle 62kg
Kyrgyzstan,KGZ,Bronze,8/10/2024,Female,Wrestling,Women's Freestyle 62kg
Norway,NOR,Bronze,8/10/2024,Female,Wrestling,Women's Freestyle 62kg
Netherlands,NED,Gold,8/11/2024,Female,Athletics,Women's Marathon
Ethiopia,ETH,Silver,8/11/2024,Female,Athletics,Women's Marathon
Kenya,KEN,Bronze,8/11/2024,Female,Athletics,Women's Marathon
United States,USA,Gold,8/11/2024,Female,Basketball,Women
France,FRA,Silver,8/11/2024,Female,Basketball,Women
Australia,AUS,Bronze,8/11/2024,Female,Basketball,Women
Netherlands,NED,Gold,8/11/2024,Male,Cycling Track,Men's Keirin
Australia,AUS,Silver,8/11/2024,Male,Cycling Track,Men's Keirin
Australia,AUS,Bronze,8/11/2024,Male,Cycling Track,Men's Keirin
United States,USA,Gold,8/11/2024,Female,Cycling Track,Women's Omnium
Poland,POL,Silver,8/11/2024,Female,Cycling Track,Women's Omnium
New Zealand,NZL,Bronze,8/11/2024,Female,Cycling Track,Women's Omnium
New Zealand,NZL,Gold,8/11/2024,Female,Cycling Track,Women's Sprint
Germany,GER,Silver,8/11/2024,Female,Cycling Track,Women's Sprint
Great Britain,GBR,Bronze,8/11/2024,Female,Cycling Track,Women's Sprint
Denmark,DEN,Gold,8/11/2024,Male,Handball,Men
Germany,GER,Silver,8/11/2024,Male,Handball,Men
Spain,ESP,Bronze,8/11/2024,Male,Handball,Men
Hungary,HUN,Gold,8/11/2024,Female,Modern Pentathlon,Women's Individual
France,FRA,Silver,8/11/2024,Female,Modern Pentathlon,Women's Individual
Korea,KOR,Bronze,8/11/2024,Female,Modern Pentathlon,Women's Individual
Italy,ITA,Gold,8/11/2024,Female,Volleyball,Women
United States,USA,Silver,8/11/2024,Female,Volleyball,Women
Serbia,SRB,Gold,8/11/2024,Male,Water Polo,Men
Croatia,CRO,Silver,8/11/2024,Male,Water Polo,Men
United States,USA,Bronze,8/11/2024,Male,Water Polo,Men
China,CHN,Gold,8/11/2024,Female,Weightlifting,Women's +81kg
Korea,KOR,Silver,8/11/2024,Female,Weightlifting,Women's +81kg
Great Britain,GBR,Bronze,8/11/2024,Female,Weightlifting,Women's +81kg
Japan,JPN,Gold,8/11/2024,Male,Wrestling,Men's Freestyle 65kg
IR Iran,IRI,Silver,8/11/2024,Male,Wrestling,Men's Freestyle 65kg
Puerto Rico,PUR,Bronze,8/11/2024,Male,Wrestling,Men's Freestyle 65kg
Albania,ALB,Bronze,8/11/2024,Male,Wrestling,Men's Freestyle 65kg
Bahrain,BRN,Gold,8/11/2024,Male,Wrestling,Men's Freestyle 97kg
Georgia,GEO,Silver,8/11/2024,Male,Wrestling,Men's Freestyle 97kg
Azerbaijan,AZE,Bronze,8/11/2024,Male,Wrestling,Men's Freestyle 97kg
IR Iran,IRI,Bronze,8/11/2024,Male,Wrestling,Men's Freestyle 97kg
Japan,JPN,Gold,8/11/2024,Female,Wrestling,Women's Freestyle 76kg
United States,USA,Silver,8/11/2024,Female,Wrestling,Women's Freestyle 76kg
Cuba,CUB,Bronze,8/11/2024,Female,Wrestling,Women's Freestyle 76kg
Colombia,COL,Bronze,8/11/2024,Female,Wrestling,Women's Freestyle 76kg
China,CHN,Gold,8/10/2024,Female,Rhythmic Gymnastics,Group All-Around
Israel,ISR,Silver,8/10/2024,Female,Rhythmic Gymnastics,Group All-Around
Italy,ITA,Bronze,8/10/2024,Female,Rhythmic Gymnastics,Group All-Around
Germany,GER,Gold,8/9/2024,Female,Rhythmic Gymnastics,Individual All-Around
Bulgaria,BUL,Silver,8/9/2024,Female,Rhythmic Gymnastics,Individual All-Around
Italy,ITA,Bronze,8/9/2024,Female,Rhythmic Gymnastics,Individual All-Around
Belgium,BEL,Gold,8/9/2024,Female,Athletics,Women's Heptathlon
Great Britain,GBR,Silver,8/9/2024,Female,Athletics,Women's Heptathlon
Belgium,BEL,Bronze,8/9/2024,Female,Athletics,Women's Heptathlon
